variant,rc,n,ratio_mean,ratio_ci95,psnr_mean,wall_mean,identical_all,frames_I,frames_P,frames_B,ratio_delta_pct,wall_delta_pct,psnr_delta_db
amp-rect-rd5,lossless,5,1.318980916341146,0.004509507432272706,inf,1.12836,True,1.0,2.0,7.0,-0.7358469014627333,125.9340835369028,
rd5,lossless,5,1.3215887451171875,0.0040689005907688005,inf,0.9357400000000002,True,1.0,2.0,7.0,-0.5395863554058189,87.36534379880665,
amp-rd5,lossless,5,1.322221476236979,0.0025180044379891765,inf,0.6946200000000001,True,1.0,2.0,7.0,-0.49196813897292024,39.08533899323216,
rd5-only-check,lossless,5,1.322221476236979,0.0025180044379891765,inf,0.68796,True,1.0,2.0,7.0,-0.49196813897292024,37.751792078811405,
scenecut-default,lossless,5,1.3272216796874998,0.001217017546717345,inf,0.5169400000000001,True,2.0,2.0,6.0,-0.1156617385640546,3.5080693604581326,
rect1,lossless,5,1.327778116861979,0.0024751165596062635,inf,0.52048,True,1.0,2.0,7.0,-0.0737852684855822,4.216891594249339,
tskip-fast,lossless,5,1.3287524414062502,0.0018598221780924407,inf,0.50908,True,1.0,2.0,7.0,-0.0004593397083363371,1.9342437227183318,
cu-lossless,lossless,5,1.3287554931640624,0.0018598221780924474,inf,0.51524,True,1.0,2.0,7.0,-0.00022966985417927077,3.1676745024228126,
tskip,lossless,5,1.3287554931640624,0.0018598221780924474,inf,0.48582000000000003,True,1.0,2.0,7.0,-0.00022966985417927077,-2.723158864282571,
amp,lossless,5,1.3287585449218748,0.0018598221780923433,inf,0.49851999999999996,True,1.0,2.0,7.0,0.0,-0.1802090424892988,
aq0,lossless,5,1.3287585449218748,0.0018598221780923433,inf,0.51482,True,1.0,2.0,7.0,0.0,3.0835769492611576,
aq1,lossless,5,1.3287585449218748,0.0018598221780923433,inf,0.5048600000000001,True,1.0,2.0,7.0,0.0,1.0892635457130373,
aq2,lossless,5,1.3287585449218748,0.0018598221780923433,inf,0.49954,True,1.0,2.0,7.0,0.0,0.024027872331888744,
aq3,lossless,5,1.3287585449218748,0.0018598221780923433,inf,0.51014,True,1.0,2.0,7.0,0.0,2.1464899283168526,
b-intra,lossless,5,1.3287585449218748,0.0018598221780923433,inf,0.49707999999999997,True,1.0,2.0,7.0,0.0,-0.4685435104721636,
baseline,lossless,5,1.3287585449218748,0.0018598221780923433,inf,0.49942000000000003,True,1.0,2.0,7.0,0.0,0.0,
early-skip,lossless,5,1.3287585449218748,0.0018598221780923433,inf,0.49928,True,1.0,2.0,7.0,0.0,-0.028032517720566474,
no-cutree,lossless,5,1.3287585449218748,0.0018598221780923433,inf,0.49516,True,1.0,2.0,7.0,0.0,-0.8529894677826388,
no-deblock,lossless,5,1.3287585449218748,0.0018598221780923433,inf,0.49772,True,1.0,2.0,7.0,0.0,-0.3403948580353311,
no-rect,lossless,5,1.3287585449218748,0.0018598221780923433,inf,0.50364,True,1.0,2.0,7.0,0.0,0.8449801770053167,
no-tmvp,lossless,5,1.3287585449218748,0.0018598221780923433,inf,0.5092,True,1.0,2.0,7.0,0.0,1.9582715950502427,
psy-rd2,lossless,5,1.3287585449218748,0.0018598221780923433,inf,0.49474,True,1.0,2.0,7.0,0.0,-0.9370870209442939,
psy-rdoq2.5,lossless,5,1.3287585449218748,0.0018598221780923433,inf,0.51036,True,1.0,2.0,7.0,0.0,2.1905410275919968,
rd3,lossless,5,1.3287585449218748,0.0018598221780923433,inf,0.5074400000000001,True,1.0,2.0,7.0,0.0,1.6058628008490006,
rdoq0,lossless,5,1.3287585449218748,0.0018598221780923433,inf,0.48222000000000004,True,1.0,2.0,7.0,0.0,-3.443995034239722,
rdoq2,lossless,5,1.3287585449218748,0.0018598221780923433,inf,0.52146,True,1.0,2.0,7.0,0.0,4.4131192182932155,
sao,lossless,5,1.3287585449218748,0.0018598221780923433,inf,0.49248000000000003,True,1.0,2.0,7.0,0.0,-1.3896119498618353,
deblock,lossless,5,1.3287595621744792,0.001859822178092414,inf,0.4922000000000001,True,1.0,2.0,7.0,7.655661806715841e-05,-1.445676985302946,
no-early-skip,lossless,5,1.3287615966796875,0.0018598221780923806,inf,0.5043,True,1.0,2.0,7.0,0.00022966985420147523,0.9771334748307936,
no-open-gop,lossless,5,1.3287615966796875,0.0018598221780923806,inf,0.5056,True,1.0,2.0,7.0,0.00022966985420147523,1.237435425093114,
no-signhide,lossless,5,1.3287615966796875,0.0018598221780923806,inf,0.50356,True,1.0,2.0,7.0,0.00022966985420147523,0.8289615954507168,
no-strong-intra-smoothing,lossless,5,1.3287699381510418,0.0018538268000530703,inf,0.50616,True,1.0,2.0,7.0,0.0008574341222811199,1.3495654959753356,
no-weightp,lossless,5,1.3287890625,0.001821357524838744,inf,0.50466,True,1.0,2.0,7.0,0.0022966985417927077,1.0492170918265042,
no-sao,lossless,5,1.3288118489583334,0.0018243599363030167,inf,0.4701000000000001,True,1.0,2.0,7.0,0.004011566786332743,-5.870810139762117,
weightb,lossless,5,1.328992919921875,0.0013736433825289,inf,0.52586,True,1.0,2.0,7.0,0.01763864480088806,5.2941412037963875,
psy-rd0,lossless,5,1.3290502929687498,0.0014029617508595459,inf,0.48522,True,1.0,2.0,7.0,0.021956438059422823,-2.8432982259421036,
ref5,lossless,5,1.329072265625,0.002307201741301297,inf,0.49640000000000006,True,1.0,2.0,7.0,0.02361006100950469,-0.6047014536862738,
no-b-pyramid,lossless,5,1.3293229166666667,0.0025537568293051613,inf,0.50624,True,1.0,2.0,7.0,0.04247361169933406,1.3655840775299355,
ref1,lossless,5,1.3295646158854166,0.001635441552658382,inf,0.49471999999999994,True,1.0,2.0,7.0,0.0606634641502346,-0.9410916663329605,
no-deblock-eff,lossless,5,1.3297969563802083,0.0008552647645428624,inf,0.38088,True,1.0,2.0,7.0,0.07814899571498835,-23.7355332185335,
ctu32,lossless,5,1.3304831949869793,0.0020678229791336713,inf,0.4114000000000001,True,1.0,2.0,7.0,0.12979409025781763,-17.624444355452308,
constrained-intra,lossless,5,1.3321415201822917,0.0010346464957623942,inf,0.49828,True,1.0,2.0,7.0,0.25459668901814947,-0.2282647871530985,
ctu16,lossless,5,1.3333567301432292,0.0027772934780332906,inf,0.3222,True,1.0,2.0,7.0,0.3460512249518377,-35.485162788835055,
rd1,lossless,5,1.3378088378906248,0.002499287485773971,inf,0.31126,True,1.0,2.0,7.0,0.6811089195503106,-37.67570381642707,
psy-rd0,qp16,5,0.8421728515625,0.0006359324729116578,42.58258,0.57478,False,1.0,2.0,7.0,-1.5809772029720892,1.3757099015838214,-0.11894000000000204
rdoq2,qp16,5,0.8424530029296875,0.0012178031765967296,44.89640000000001,1.1055,False,1.0,2.0,7.0,-1.5482378149204723,94.98042258986206,2.194880000000005
psy-rdoq2.5,qp16,5,0.8429528808593749,0.0011561934312305272,44.90582,1.1229,False,1.0,2.0,7.0,-1.4898204754558164,98.04931390877985,2.2042999999999964
no-b-pyramid,qp16,5,0.8477950032552084,0.0016247109298944567,42.51183999999999,0.56884,False,1.0,2.0,7.0,-0.923954509131486,0.3280538996084381,-0.18968000000000984
no-sao,qp16,5,0.8542899576822917,0.0029136346078434444,42.37895999999999,0.5490999999999999,False,1.0,2.0,7.0,-0.16493328606689284,-3.1535503897844874,-0.32256000000000995
no-weightp,qp16,5,0.8553879801432291,0.0011527514192828658,42.698080000000004,0.56706,False,1.0,2.0,7.0,-0.036614856644523464,0.014109845144449906,-0.003439999999997667
ref1,qp16,5,0.8555000813802083,0.0018599549204527538,42.69584,0.56492,False,1.0,2.0,7.0,-0.023514346247699436,-0.3633285124695851,-0.005680000000005236
cu-lossless,qp16,5,0.8555828857421874,0.001681012547953478,42.69782,0.65644,False,1.0,2.0,7.0,-0.013837562705931727,15.778334332780686,-0.003700000000002035
amp,qp16,5,0.8557012939453126,0.002010235809722817,42.70152,0.56976,False,1.0,2.0,7.0,0.0,0.49031711876961204,0.0
aq0,qp16,5,0.8557012939453126,0.002010235809722817,42.70152,0.56188,False,1.0,2.0,7.0,0.0,-0.8995026279586593,0.0
aq1,qp16,5,0.8557012939453126,0.002010235809722817,42.70152,0.5785199999999999,False,1.0,2.0,7.0,0.0,2.0353451620868324,0.0
aq2,qp16,5,0.8557012939453126,0.002010235809722817,42.70152,0.5717399999999999,False,1.0,2.0,7.0,0.0,0.839535786094725,0.0
aq3,qp16,5,0.8557012939453126,0.002010235809722817,42.70152,0.5684,False,1.0,2.0,7.0,0.0,0.25044975131398584,0.0
b-intra,qp16,5,0.8557012939453126,0.002010235809722817,42.70152,0.5756400000000002,False,1.0,2.0,7.0,0.0,1.5273907368866801,0.0
baseline,qp16,5,0.8557012939453126,0.002010235809722817,42.70152,0.56698,False,1.0,2.0,7.0,0.0,0.0,0.0
early-skip,qp16,5,0.8557012939453126,0.002010235809722817,42.70152,0.57372,False,1.0,2.0,7.0,0.0,1.1887544534198602,0.0
no-cutree,qp16,5,0.8557012939453126,0.002010235809722817,42.70152,0.5706800000000001,False,1.0,2.0,7.0,0.0,0.6525803379308082,0.0
no-deblock,qp16,5,0.8557012939453126,0.002010235809722817,42.70152,0.5558,False,1.0,2.0,7.0,0.0,-1.971850858936841,0.0
no-rect,qp16,5,0.8557012939453126,0.002010235809722817,42.70152,0.5702200000000001,False,1.0,2.0,7.0,0.0,0.571448728350199,0.0
no-tmvp,qp16,5,0.8557012939453126,0.002010235809722817,42.70152,0.5788200000000001,False,1.0,2.0,7.0,0.0,2.0882570813785417,0.0
psy-rd2,qp16,5,0.8557012939453126,0.002010235809722817,42.70152,0.57934,False,1.0,2.0,7.0,0.0,2.179971074817444,0.0
rd3,qp16,5,0.8557012939453126,0.002010235809722817,42.70152,0.5792200000000001,False,1.0,2.0,7.0,0.0,2.1588063071007912,0.0
rdoq0,qp16,5,0.8557012939453126,0.002010235809722817,42.70152,0.5662200000000001,False,1.0,2.0,7.0,0.0,-0.134043528872263,0.0
sao,qp16,5,0.8557012939453126,0.002010235809722817,42.70152,0.56966,False,1.0,2.0,7.0,0.0,0.47267981233907186,0.0
deblock,qp16,5,0.8557023111979166,0.002010235809722817,42.70152,0.5717000000000001,False,1.0,2.0,7.0,0.00011887940467580904,0.8324808635225223,0.0
no-early-skip,qp16,5,0.8557043457031248,0.002010235809722822,42.70152,0.57976,False,1.0,2.0,7.0,0.0003566382140496316,2.254047761825806,0.0
no-open-gop,qp16,5,0.8557043457031248,0.002010235809722822,42.70152,0.5736999999999999,False,1.0,2.0,7.0,0.0003566382140496316,1.1852269921337255,0.0
ref5,qp16,5,0.8557761637369792,0.002673829925746291,42.70062,0.5828599999999999,False,1.0,2.0,7.0,0.008749524185169832,2.8008042611732176,-0.0009000000000014552
no-strong-intra-smoothing,qp16,5,0.8559861246744791,0.00144485178083217,42.70504,0.5969,False,1.0,2.0,7.0,0.033286233313178926,5.2770820840241095,0.0035199999999946385
rect1,qp16,5,0.8560530598958334,0.0034925724624125945,42.69226,0.57018,False,1.0,2.0,7.0,0.04110849814178419,0.564393805777974,-0.009260000000004709
weightb,qp16,5,0.8561661783854166,0.001495782981481602,42.70722000000001,0.5686,False,1.0,2.0,7.0,0.05432788794330623,0.2857243641750884,0.005700000000004479
no-deblock-eff,qp16,5,0.8561665852864584,0.0018152788338634226,42.89326,0.42704000000000003,False,1.0,2.0,7.0,0.054375439705189876,-24.681646618928355,0.1917399999999958
constrained-intra,qp16,5,0.8566066487630207,0.0008406530099673039,42.69656,0.58772,False,1.0,2.0,7.0,0.10580267017405998,3.6579773536985494,-0.004960000000004072
tskip-fast,qp16,5,0.859816691080729,0.0018113796017204134,42.79502,0.59504,False,1.0,2.0,7.0,0.48093851961377165,4.949028184415671,0.0934999999999988
tskip,qp16,5,0.86017578125,0.0018395608457650546,42.8169,0.65318,False,1.0,2.0,7.0,0.5229029494693505,15.203358143144374,0.11537999999999471
ctu32,qp16,5,0.8603476969401042,0.004524883100055644,42.70832,0.43782,False,1.0,2.0,7.0,0.5429935688619603,-22.780344985713786,0.006799999999998363
rd1,qp16,5,0.8620808919270834,0.0008170530856490289,42.444,0.34426,False,1.0,2.0,7.0,0.7455402985727444,-39.281808882147516,-0.2575199999999995
no-signhide,qp16,5,0.8641754150390625,0.0013565516487802302,42.35044,0.50534,False,1.0,2.0,7.0,0.9903129928294119,-10.871635683798376,-0.35108000000000317
scenecut-default,qp16,5,0.8699424235026042,0.0010819595157146962,43.17211999999999,0.5827,False,2.0,2.0,6.0,1.6642641138978842,2.7725845708843178,0.47059999999999036
ctu16,qp16,5,0.8702742513020834,0.0007795786450426343,42.56778,0.37160000000000004,False,1.0,2.0,7.0,1.7030425757077472,-34.45976930403189,-0.13374000000000308
rd5,qp16,5,0.8741099039713541,0.0002500894204526532,43.857940000000006,1.1275,False,1.0,2.0,7.0,2.1512892590317856,98.86063000458567,1.1564200000000042
amp-rd5,qp16,5,0.8742431640625,0.00028672607159891615,43.861779999999996,0.85544,False,1.0,2.0,7.0,2.1668624610461817,50.876574129598914,1.1602599999999939
rd5-only-check,qp16,5,0.8742431640625,0.00028672607159891615,43.861779999999996,0.83544,False,1.0,2.0,7.0,2.1668624610461817,47.34911284348653,1.1602599999999939
amp-rect-rd5,qp16,5,0.8742873128255209,0.0004899060803321897,43.85996,1.3058,False,1.0,2.0,7.0,2.1720218272097247,130.3079473702776,1.1584399999999988
psy-rd0,qp32,5,0.4382108561197916,0.0002840334570483563,27.25032,0.61058,False,1.0,2.0,7.0,-3.7689232490354163,-1.4971122511534651,-0.1824799999999982
no-b-pyramid,qp32,5,0.4499654134114583,0.000558576102927273,27.21664,0.63384,False,1.0,2.0,7.0,-1.1876231988176444,2.255347981802358,-0.21615999999999502
rd1,qp32,5,0.4533221435546874,0.0006054105418827592,27.11416,0.3569,False,1.0,2.0,7.0,-0.45048546812423984,-42.422482496047486,-0.3186399999999985
no-sao,qp32,5,0.45401387532552084,0.002402128351215342,27.190820000000002,0.5968600000000001,False,1.0,2.0,7.0,-0.2985812142689781,-3.7105152776433115,-0.24197999999999453
ctu32,qp32,5,0.45422444661458333,0.0014830483052189545,27.3284,0.47026,False,1.0,2.0,7.0,-0.25233977228658055,-24.13448197980187,-0.10439999999999827
ref1,qp32,5,0.45459431966145825,0.00109275425493179,27.425159999999998,0.60756,False,1.0,2.0,7.0,-0.17111567419576534,-1.9843190397831556,-0.007639999999998537
cu-lossless,qp32,5,0.45489685058593743,0.0010432590546059124,27.425580000000004,0.70716,False,1.0,2.0,7.0,-0.10467990199495292,14.08382537992452,-0.007219999999993121
no-weightp,qp32,5,0.45491495768229173,0.001598102877219562,27.426320000000004,0.63764,False,1.0,2.0,7.0,-0.1007035847616522,2.8683896363695283,-0.006479999999992714
rect1,qp32,5,0.4552423095703125,0.0025223477630048332,27.42912,0.6282,False,1.0,2.0,7.0,-0.02881713051077206,1.3454651050237354,-0.0036799999999956867
rdoq2,qp32,5,0.45533508300781256,0.00015815480262097213,29.8847,1.18392,False,1.0,2.0,7.0,-0.008444089405457156,90.99796728293492,2.451900000000002
amp,qp32,5,0.45537353515624995,0.0013337441688944063,27.432799999999997,0.6250600000000001,False,1.0,2.0,7.0,0.0,0.8388991062498352,0.0
aq0,qp32,5,0.45537353515624995,0.0013337441688944063,27.432799999999997,0.62528,False,1.0,2.0,7.0,0.0,0.8743909915142289,0.0
aq1,qp32,5,0.45537353515624995,0.0013337441688944063,27.432799999999997,0.62764,False,1.0,2.0,7.0,0.0,1.2551221243506827,0.0
aq2,qp32,5,0.45537353515624995,0.0013337441688944063,27.432799999999997,0.61706,False,1.0,2.0,7.0,0.0,-0.4517149033652412,0.0
aq3,qp32,5,0.45537353515624995,0.0013337441688944063,27.432799999999997,0.62524,False,1.0,2.0,7.0,0.0,0.8679379214661553,0.0
b-intra,qp32,5,0.45537353515624995,0.0013337441688944063,27.432799999999997,0.63242,False,1.0,2.0,7.0,0.0,2.0262639950956896,0.0
baseline,qp32,5,0.45537353515624995,0.0013337441688944063,27.432799999999997,0.6198599999999999,False,1.0,2.0,7.0,0.0,0.0,0.0
early-skip,qp32,5,0.45537353515624995,0.0013337441688944063,27.432799999999997,0.63144,False,1.0,2.0,7.0,0.0,1.868163778917853,0.0
no-cutree,qp32,5,0.45537353515624995,0.0013337441688944063,27.432799999999997,0.61996,False,1.0,2.0,7.0,0.0,0.016132675120195117,0.0
no-deblock,qp32,5,0.45537353515624995,0.0013337441688944063,27.432799999999997,0.59914,False,1.0,2.0,7.0,0.0,-3.342690284903016,0.0
no-rect,qp32,5,0.45537353515624995,0.0013337441688944063,27.432799999999997,0.60992,False,1.0,2.0,7.0,0.0,-1.6035879069467018,0.0
no-tmvp,qp32,5,0.45537353515624995,0.0013337441688944063,27.432799999999997,0.61802,False,1.0,2.0,7.0,0.0,-0.2968412222114414,0.0
psy-rd2,qp32,5,0.45537353515624995,0.0013337441688944063,27.432799999999997,0.62586,False,1.0,2.0,7.0,0.0,0.9679605072113295,0.0
rd3,qp32,5,0.45537353515624995,0.0013337441688944063,27.432799999999997,0.6233,False,1.0,2.0,7.0,0.0,0.5549640241345077,0.0
rdoq0,qp32,5,0.45537353515624995,0.0013337441688944063,27.432799999999997,0.6162599999999999,False,1.0,2.0,7.0,0.0,-0.5807763043267689,0.0
sao,qp32,5,0.45537353515624995,0.0013337441688944063,27.432799999999997,0.61574,False,1.0,2.0,7.0,0.0,-0.6646662149517479,0.0
no-early-skip,qp32,5,0.45537658691406246,0.001333744168894429,27.432799999999997,0.60982,False,1.0,2.0,7.0,0.0006701658258334575,-1.6197205820668859,0.0
no-open-gop,qp32,5,0.45537658691406246,0.001333744168894429,27.432799999999997,0.6254799999999999,False,1.0,2.0,7.0,0.0006701658258334575,0.906656341754597,0.0
ref5,qp32,5,0.4554779052734375,0.001174633928465958,27.4343,0.6265,False,1.0,2.0,7.0,0.022919671243459838,1.0712096279805294,0.0015000000000036096
weightb,qp32,5,0.45548258463541663,0.0017166129251283717,27.439479999999996,0.62054,False,1.0,2.0,7.0,0.02394725884307114,0.10970219081729571,0.006679999999999353
no-strong-intra-smoothing,qp32,5,0.4555810546875,0.0008069758083570457,27.429840000000002,0.63064,False,1.0,2.0,7.0,0.04557127615658629,1.7391023779563364,-0.0029599999999945226
deblock,qp32,5,0.4558146158854167,0.0015637008984944125,27.42834,0.6163,False,1.0,2.0,7.0,0.09686130069359589,-0.5743232342786952,-0.004459999999998132
constrained-intra,qp32,5,0.4560050455729166,0.0011324463204277282,27.4381,0.60886,False,1.0,2.0,7.0,0.1386796482254926,-1.774594263220708,0.005300000000001859
psy-rdoq2.5,qp32,5,0.4563791910807291,0.0001910832372040476,29.9341,1.23284,False,1.0,2.0,7.0,0.22084197847247466,98.89007195173107,2.501300000000004
no-deblock-eff,qp32,5,0.45658630371093745,0.0014337609982197142,27.529739999999997,0.45842,False,1.0,2.0,7.0,0.2663238991856165,-26.04459071403219,0.09694000000000003
tskip,qp32,5,0.4596136474609375,0.0021501344972140613,27.5437,0.69472,False,1.0,2.0,7.0,0.9311283984109187,12.076920594973096,0.11090000000000444
tskip-fast,qp32,5,0.45980957031249997,0.002005514070651715,27.53668,0.63344,False,1.0,2.0,7.0,0.9741530444293156,2.190817281321622,0.10388000000000375
no-signhide,qp32,5,0.4624544270833333,0.0012459599798022472,27.043859999999995,0.5445800000000001,False,1.0,2.0,7.0,1.554963426817002,-12.144677830477823,-0.3889400000000016
ctu16,qp32,5,0.4627166748046875,0.0011351576839932394,27.19982,0.36396,False,1.0,2.0,7.0,1.612553010116824,-41.28351563256217,-0.23297999999999774
scenecut-default,qp32,5,0.46638570149739583,0.0016790865084145873,27.889339999999997,0.61974,False,2.0,2.0,6.0,2.418271043653708,-0.019359210144209715,0.4565400000000004
amp-rect-rd5,qp32,5,0.47672953287760417,0.0006529356564510038,28.3149,1.34378,False,1.0,2.0,7.0,4.689775771450222,116.78766173006814,0.8821000000000048
amp-rd5,qp32,5,0.47692687988281246,0.0003280151735298009,28.334039999999998,0.87906,False,1.0,2.0,7.0,4.733113161520697,41.81589391152845,0.9012400000000014
rd5-only-check,qp32,5,0.47692687988281246,0.0003280151735298009,28.334039999999998,0.8640399999999999,False,1.0,2.0,7.0,4.733113161520697,39.39276610847613,0.9012400000000014
rd5,qp32,5,0.47700154622395835,0.00030832054463809266,28.337359999999997,1.16176,False,1.0,2.0,7.0,4.749509885392733,87.42296647630113,0.90456
