config,qp,n,ratio_mean,ratio_std,ratio_ci95,ratio_q05,ratio_q50,ratio_q95,p_smaller,kbps_mean,kbps_std,avg_qp_mean,psnr_all_mean,psnr_Y_mean,psnr_U_mean,psnr_V_mean,encode_wall_mean,shapiro_p
128x128 f10 IPB,0,20,1.4998565673828124,0.0007383643117503207,0.00034556513508547887,1.4990391031901042,1.49970703125,1.5011525472005207,0.0,7326.3949999999995,3.629208265114905,0.0,57.32591,56.58966,59.32793,59.33102000000001,0.19962999999999997,0.1612911852604983
128x128 f10 IPB,4,20,1.273944091796875,0.0006769757050134518,0.00031683438274257727,1.2730082194010417,1.273919677734375,1.2748472086588543,0.0,6215.469999999999,3.327470985282112,4.900000000000001,53.094875,52.91961,53.4696,53.46697,0.20345,0.5563178026336114
128x128 f10 IPB,8,20,1.109712117513021,0.001928296254614452,0.000902470427005137,1.10624755859375,1.1100199381510416,1.1122821044921878,0.0,5408.236999999999,9.47796175068084,8.900000000000002,50.059819999999995,49.94033,50.312505,50.306290000000004,0.21230500000000002,0.48785856452165544
128x128 f10 IPB,10,20,1.0400919596354166,0.00189940429963932,0.0008889485758471395,1.0385294596354167,1.040155029296875,1.0430600992838543,0.0,5066.02,9.335952013587164,10.900000000000002,48.344755,48.250524999999996,48.539315,48.54014,0.215285,0.10849414843624561
128x128 f10 IPB,12,20,0.9715901692708334,0.0027611548463673994,0.001292260246456123,0.9681188964843749,0.9714680989583334,0.9757570393880208,1.0,4729.3200000000015,13.571628300865067,12.9,46.425955,46.402885000000005,46.476115,46.469165000000004,0.21805499999999997,0.36066183452092027
128x128 f10 IPB,14,20,0.9176055908203127,0.002249808141470806,0.0010529426218891618,0.9139101155598958,0.9175496419270834,0.9206925455729168,1.0,4463.974999999999,11.058256976957122,14.899999999999997,44.52219,44.614995,44.338875,44.34608,0.22413000000000002,0.5793205726193601
128x128 f10 IPB,16,20,0.8638126627604168,0.0027707737185495014,0.0012967620172108585,0.8613008626302083,0.8631632486979166,0.8703293863932292,1.0,4199.572000000001,13.618906981414542,16.899999999999995,42.668229999999994,42.84399500000001,42.33332,42.340379999999996,0.21721,0.001335781358331647
128x128 f10 IPB,18,20,0.8072015380859374,0.0029631526386344623,0.0013867981233021266,0.8024102783203125,0.8074096679687499,0.8109712727864583,1.0,3921.317,14.564487849416079,18.899999999999995,40.77896,40.90077,40.553174999999996,40.537375,0.236055,0.5757131390239977
128x128 f10 IPB,20,20,0.7521004231770834,0.0030124653755385076,0.001409877194593215,0.7483284505208333,0.7513346354166667,0.7568052164713541,1.0,3650.4840000000004,14.806869813846873,20.899999999999995,38.885405000000006,38.99051000000001,38.682010000000005,38.68327000000001,0.230995,0.14258499124739737
128x128 f10 IPB,24,20,0.6489347330729166,0.0018826299136689719,0.0008810979215541685,0.6467791748046875,0.64825439453125,0.6526472981770833,1.0,3143.404,9.253502551665747,24.899999999999995,34.945870000000006,35.04583000000001,34.746105,34.75934,0.25491499999999995,0.0722339784589012
128x128 f10 IPB,28,20,0.5550852457682293,0.0012187976800661195,0.00057041487278212,0.5534783935546875,0.5551534016927083,0.5569089762369792,1.0,2682.115,5.990634357061011,28.899999999999995,31.217960000000005,31.147714999999998,31.363369999999996,31.360750000000003,0.249345,0.8786596375803031
128x128 f10 IPB,32,20,0.46171305338541657,0.0016015523143831259,0.0007495495557664672,0.4597904459635417,0.46165161132812504,0.46434753417968744,1.0,2223.172,7.8719499356559135,32.89999999999999,27.37515,27.156824999999998,27.853770000000004,27.841999999999995,0.24481999999999998,0.4376954227946405
128x128 f10 IPB,36,20,0.3782375081380208,0.001812459967833257,0.0008482573760053484,0.375528564453125,0.37809651692708335,0.38132039388020833,1.0,1812.873,8.908603233894048,36.89999999999999,23.877615,23.212145000000003,25.622894999999993,25.626555000000003,0.24469,0.9609057688996034
128x128 f10 IPB,40,20,0.28650960286458327,0.0009053760167397172,0.00042372901906127,0.2852520751953125,0.28648071289062493,0.28788248697916663,1.0,1362.0120000000002,4.450104197479075,40.89999999999999,20.267295,19.231399999999997,23.624010000000002,23.631935,0.2406,0.950939155770253
128x128 f10 IPB,44,20,0.19521097819010413,0.0006803475011669251,0.00031841243191791405,0.19437296549479163,0.19503173828125,0.19640014648437495,1.0,913.2610000000001,3.3440440377357157,44.89999999999999,16.466770000000004,15.267825000000002,20.855365,20.85333,0.22218999999999997,0.6234781809666992
128x128 f10 IPB,48,20,0.07316243489583331,0.0021233202906385624,0.000993744485462578,0.0701405843098958,0.07344970703124995,0.07636454264322914,1.0,313.36800000000005,10.436543892546647,48.89999999999999,11.818370000000002,11.826294999999998,11.79297,11.815325000000001,0.13322000000000003,0.4812440826658864
128x128 f10 IPB,51,20,0.028086954752604136,0.0008877741476959214,0.0004154910907688567,0.02695271809895827,0.028245035807291652,0.029427693684895798,1.0,91.813,4.363587490755018,51.9,10.43489,10.444005,10.417310000000002,10.417349999999999,0.087325,0.8244657086042173
256x256 f1 all-I,0,20,1.5057200113932292,0.001135603011432159,0.0005314785693240952,1.5044031778971354,1.5057169596354165,1.5078664143880207,0.0,29153.460000000003,22.326863687165023,0.0,66.714655,66.468765,67.29713999999998,67.22704,0.09881999999999999,0.11317196009808322
256x256 f1 all-I,4,20,1.4555801391601562,0.0010238927323259516,0.00047919654935719996,1.4540064493815104,1.455841064453125,1.4567006429036458,0.0,28165.069999999996,20.130550231714416,1.0,64.47709499999999,64.34747999999999,64.760945,64.74607499999999,0.09981,0.04814749811044109
256x256 f1 all-I,8,20,1.2694376627604167,0.000984901384506131,0.00046094803685179395,1.2676045735677084,1.269556681315104,1.2707438151041668,0.0,24505.36,19.363949140497752,5.0,57.508615,57.98062,56.688005,56.703445,0.09878,0.3072289166280293
256x256 f1 all-I,10,20,1.187230936686198,0.000776040368543397,0.0003631980724417336,1.1861974080403646,1.1872609456380208,1.1884145100911458,0.0,22888.91,15.25757447785787,7.0,55.154740000000004,55.61075000000001,54.36536500000001,54.36562500000001,0.096845,0.9653700511319143
256x256 f1 all-I,12,20,1.1093434651692706,0.0006835174199243639,0.0003198959995635761,1.1081690470377603,1.109502156575521,1.1103129069010416,0.0,21357.579999999994,13.43849928964937,9.0,53.22989,53.62456000000001,52.531520000000015,52.53733000000001,0.09915500000000001,0.5557075276995889
256x256 f1 all-I,14,20,1.042304484049479,0.000588778436761451,0.0002755567905937587,1.0414352416992185,1.0422922770182292,1.0431915283203126,0.0,20039.54,11.575855089479955,11.0,51.549144999999996,51.899164999999996,50.924324999999996,50.92356,0.096865,0.9993667681125701
256x256 f1 all-I,16,20,0.9863637288411459,0.000593655306297091,0.00027783923579466867,0.9856714884440104,0.9865061442057292,0.9871063232421875,1.0,18939.7,11.671738246046155,13.0,49.797025,50.15220000000001,49.17538,49.151959999999995,0.096,0.6637069572015082
256x256 f1 all-I,18,20,0.9270645141601564,0.008488914533893907,0.003972934296729786,0.9133163452148438,0.9327545166015625,0.934026590983073,1.0,17773.829999999998,166.89885086798128,15.0,47.43729999999999,47.626225,47.098965,47.101935000000005,0.09918,0.00015133993828084233
256x256 f1 all-I,20,20,0.8662826538085936,0.010308845104786524,0.004824688022591559,0.8589330037434896,0.8600006103515625,0.8822845458984375,1.0,16578.809999999998,202.68014183618678,17.0,44.7792,45.1829,44.09234500000001,44.09984,0.096245,7.778393656620282e-06
256x256 f1 all-I,24,20,0.7539886474609376,0.0005505533649163044,0.0002576669062837936,0.7530517578125,0.7539723714192709,0.7547205607096353,1.0,14371.02,10.824319596946808,21.0,40.88848500000001,41.02675,40.624275000000004,40.62531,0.095965,0.8957885365675962
256x256 f1 all-I,28,20,0.6533472696940105,0.0006466203016505902,0.00030262761665607037,0.6524129231770833,0.6532694498697916,0.6544097900390625,1.0,12392.33,12.713072426692072,25.0,36.996314999999996,37.195229999999995,36.628415000000004,36.61971,0.09856000000000001,0.3901243355914553
256x256 f1 all-I,32,20,0.5556737263997397,0.0008718780622728673,0.00040805149378518574,0.5543543497721354,0.5555877685546875,0.5571029663085938,1.0,10471.99,17.141820206733925,29.0,32.9677,33.149334999999994,32.626805,32.625385,0.09694499999999999,0.86053156783923
256x256 f1 all-I,36,20,0.46995086669921865,0.0007224301167827875,0.00033810770228596954,0.46871744791666664,0.4699808756510417,0.470855712890625,1.0,8786.610000000002,14.203554040042992,33.0,29.352095,29.152020000000004,29.771859999999997,29.793285000000004,0.09697,0.7681007882391615
256x256 f1 all-I,40,20,0.3954081217447917,0.0009047295719705102,0.0004234264735963263,0.39451853434244794,0.39523824055989587,0.39681447347005205,1.0,7321.040000000001,17.78770716859792,37.0,25.879430000000003,25.172240000000002,27.776615000000003,27.77444,0.098295,0.128466968807823
256x256 f1 all-I,44,20,0.3179860432942708,0.0005438870313031573,0.0002545469661148394,0.31723785400390625,0.3180185953776042,0.31905568440755205,1.0,5798.860000000001,10.693254145045225,41.0,22.16988,21.080724999999997,25.83186,25.840805,0.09435000000000002,0.6226345759153765
256x256 f1 all-I,48,20,0.23442789713541662,0.000396496442767696,0.0001855660473095329,0.23392028808593746,0.23440043131510413,0.2349395751953125,1.0,4156.040000000001,7.795437261966995,45.0,18.375275,17.165685000000003,22.8415,22.840249999999997,0.091555,0.9916114538836418
256x256 f1 all-I,51,20,0.17097320556640622,0.00045542306347843577,0.00021314455472380153,0.17020467122395833,0.17101033528645831,0.1715281168619791,1.0,2908.4700000000003,8.953981766436884,48.0,15.501349999999999,14.291955000000002,19.967824999999998,19.96281,0.089385,0.4260742824737136
256x256 f10 IP,0,30,1.4919060262044275,0.00034745066979472653,0.00012974021232206308,1.4914137268066405,1.491888427734375,1.4925103251139322,0.0,29286.365999999998,6.83115812870041,0.0,57.12317666666666,56.27425333333334,59.578559999999996,59.57753,0.33918333333333334,0.5316407402211722
256x256 f10 IP,4,30,1.3168071831597223,0.00043585893962126953,0.00016275240281546016,1.316078338623047,1.3168624877929687,1.3175057983398437,0.0,25843.522666666664,8.569335440106137,3.700000000000001,53.85398000000001,53.47686,54.72604333333332,54.72102333333335,0.34076000000000006,0.784855572294599
256x256 f10 IP,8,30,1.1420634290907117,0.0008965862303832301,0.0003347908005579097,1.140829569498698,1.1419886271158854,1.1435438537597655,0.0,22407.920666666665,17.627602558318053,7.699999999999998,51.02474,50.81931333333334,51.47190333333332,51.46267333333333,0.3584733333333333,0.6299995883954698
256x256 f10 IP,10,30,1.0645923190646702,0.0018548008670658295,0.0006925940262266254,1.0619109090169272,1.06435546875,1.0676570129394531,0.0,20884.756666666668,36.46686888720755,9.699999999999998,49.41721333333333,49.30879666666666,49.64275000000001,49.64255666666666,0.3682733333333334,0.7670228852360885
256x256 f10 IP,12,30,0.9950772433810762,0.0018147970680738748,0.000677656362189392,0.9925875854492187,0.9949437459309896,0.9978528340657551,1.0,19518.03466666667,35.68036219598659,11.699999999999996,47.69695,47.59407999999999,47.91188999999999,47.908739999999995,0.3859866666666667,0.9877905445495386
256x256 f10 IP,14,30,0.931304694281684,0.0013287806360473139,0.0004961748439053983,0.9295423380533854,0.9312713623046875,0.9337240600585938,1.0,18264.215333333334,26.12489032919817,13.699999999999996,45.82685,45.81133333333333,45.85623333333333,45.85996333333333,0.3937000000000001,0.5888884587949694
256x256 f10 IP,16,30,0.8812766859266493,0.0014166214845003796,0.0005289751557758112,0.8788222249348958,0.881097920735677,0.8832870483398437,1.0,17280.624666666667,27.851911682464348,15.699999999999996,43.78520666666667,44.00992,43.37168,43.364223333333335,0.39774,0.8765523409007563
256x256 f10 IP,18,30,0.8259387885199652,0.0021657075172216472,0.0008086884773537114,0.821807607014974,0.8261952718098958,0.8284549967447917,1.0,16192.63733333333,42.57954235459136,17.7,42.11926666666667,42.321356666666674,41.73833333333334,41.74427666666667,0.40047333333333324,0.06319943197154014
256x256 f10 IP,20,30,0.7669136216905382,0.0024378809075708044,0.0009103196915723445,0.7643050130208333,0.7658732096354166,0.7704498799641927,1.0,15032.155333333336,47.930688947567816,19.700000000000003,40.10537666666668,40.23333666666666,39.86091333333333,39.859666666666676,0.40574,0.00034031975579514804
256x256 f10 IP,24,30,0.6672363959418404,0.0018800840035884559,0.000702034904560667,0.6652565511067708,0.6669250488281251,0.6715670267740885,1.0,13072.421333333332,36.96395557775208,23.700000000000006,36.38315000000001,36.43223333333333,36.285979999999995,36.28731333333333,0.40886666666666666,7.261042542202915e-05
256x256 f10 IP,28,30,0.5667442491319444,0.0013997602049120909,0.0005226790505039502,0.5645102437337239,0.566820780436198,0.5687301635742187,1.0,11096.665333333334,27.52040543673546,27.700000000000006,32.359496666666665,32.437196666666665,32.21060666666667,32.20575,0.40758333333333324,0.949328514016132
256x256 f10 IP,32,30,0.4751577419704861,0.0017144489029465803,0.0006401857415184451,0.47247843424479163,0.4751561482747395,0.4778474426269531,1.0,9296.001333333335,33.707436991052,31.700000000000006,28.642583333333334,28.410973333333335,29.147246666666668,29.145876666666666,0.4075966666666666,0.8836807942985285
256x256 f10 IP,36,30,0.3861488172743055,0.0015337529828572114,0.0005727127760699236,0.3843673197428385,0.3857961018880208,0.38883092244466144,1.0,7546.014666666667,30.15481064535916,35.70000000000001,25.009223333333335,24.539910000000003,26.13253,26.13637333333333,0.4151766666666667,0.1822338587335327
256x256 f10 IP,40,30,0.2997480943467882,0.0010305751902793079,0.0003848231004409401,0.29862686157226564,0.2996932983398437,0.30146474202473955,1.0,5847.307333333333,20.261932701043403,39.70000000000001,21.413006666666664,20.498710000000003,24.15852333333334,24.159996666666665,0.41108666666666666,0.27057936816886086
256x256 f10 IP,44,30,0.2130242919921875,0.00029835477042996,0.00011140750220960113,0.21261510213216142,0.21296691894531244,0.21344273885091142,1.0,4142.2480000000005,5.865893470469462,43.70000000000002,17.74096666666667,16.54990666666667,22.070633333333337,22.07312,0.3840566666666667,0.6214447762243477
256x256 f10 IP,48,30,0.12246405707465273,0.0001327566547151759,4.957214956612281e-05,0.12223103841145828,0.1224609375,0.12263326009114582,1.0,2361.761333333334,2.6101020370242587,47.70000000000002,14.15016333333333,12.976659999999999,18.35909,18.35651,0.3179866666666667,0.8081222250781448
256x256 f10 IP,51,30,0.020804273817274264,0.0002117418975207883,7.906572394306705e-05,0.02046178181966144,0.020790608723958298,0.021097971598307223,1.0,363.04866666666663,4.1630150987768095,50.70000000000002,10.597486666666668,10.540196666666667,10.714226666666667,10.714573333333336,0.11144000000000001,0.5030143814742662
256x256 f10 IPB,0,30,1.4891924031575523,0.00038992218849696246,0.00014559933804291438,1.488651580810547,1.4891565958658854,1.489926503499349,0.0,29233.074,7.666182163601097,0.0,57.33501666666666,56.59960333333335,59.33308666666666,59.33705333333334,0.38003,0.41533618995812793
256x256 f10 IPB,4,30,1.2633185153537325,0.0003484808914381654,0.00013012490340594414,1.2628491719563801,1.2632914225260419,1.2639960225423177,0.0,24791.69266666666,6.851413110388026,4.900000000000001,53.098890000000004,52.924793333333334,53.46875,53.470389999999995,0.3822133333333334,0.38024212761176274
256x256 f10 IPB,8,30,1.0993428887261283,0.001022796414454856,0.00038191845781162414,1.0976736958821616,1.0994756062825521,1.1010696919759115,0.0,21567.800666666666,20.108995745314143,8.9,50.0964,49.97312999999999,50.35380000000001,50.35427000000001,0.40893999999999997,0.5500613163348089
256x256 f10 IPB,10,30,1.0310389539930556,0.0014599061557920912,0.0005451379176636935,1.0288417561848957,1.0307276407877604,1.0330718994140624,0.0,20224.870666666662,28.702922947796313,10.899999999999997,48.43173333333333,48.336593333333326,48.62843333333333,48.62866666666666,0.40988333333333327,0.03296499819937545
256x256 f10 IPB,12,30,0.9645682101779515,0.001561383389478722,0.0005830301394635172,0.9624389139811198,0.9648422241210939,0.9666588338216145,1.0,18918.00266666667,30.698046543863462,12.899999999999997,46.54480000000001,46.51063666666667,46.60870666666667,46.61931333333333,0.4338066666666666,0.4229586260562227
256x256 f10 IPB,14,30,0.9104544745551215,0.001228673211115549,0.00045879411710082654,0.9088589477539063,0.9101526896158854,0.9124639383951823,1.0,17854.083333333336,24.156698269100474,14.899999999999997,44.59378,44.703466666666664,44.38099666666666,44.383869999999995,0.4329566666666667,0.5423933116337808
256x256 f10 IPB,16,30,0.8565463935004339,0.0018142754254057663,0.0006774615776159254,0.8534476725260417,0.8566823323567708,0.8595379638671875,1.0,16794.207333333332,35.67010628381762,16.899999999999995,42.70811666666667,42.896413333333335,42.35675333333334,42.35204333333333,0.4328500000000001,0.7723389248150758
256x256 f10 IPB,18,30,0.7991670735677082,0.002482356424258068,0.0009269271224388562,0.7952749633789062,0.7995936075846355,0.8019379170735677,1.0,15666.083999999999,48.80511318605297,18.899999999999995,40.80091,40.93458666666666,40.54450333333333,40.546150000000004,0.4456533333333334,0.09769984522137404
256x256 f10 IPB,20,30,0.7436145358615451,0.002137260403095732,0.0007980661503660365,0.7411925252278646,0.7429885864257812,0.7474526468912761,1.0,14573.876666666669,42.02024933318449,20.899999999999995,38.90797,39.018903333333334,38.69617999999999,38.69248,0.4725333333333333,0.004498725180331305
256x256 f10 IPB,24,30,0.6424680582682292,0.001306946742667213,0.00048802193412794654,0.64068115234375,0.6425155639648438,0.6443466186523438,1.0,12585.256000000001,25.695618518231434,24.89999999999999,34.98385333333333,35.09320666666667,34.774293333333326,34.77185333333333,0.47217999999999993,0.9968208204828156
256x256 f10 IPB,28,30,0.5490629069010416,0.0010799931195020855,0.0004032760584786027,0.5471318054199219,0.549029541015625,0.5504232279459635,1.0,10748.836000000001,21.233528723906637,28.89999999999999,31.27096333333333,31.219146666666663,31.37990333333333,31.373126666666664,0.47084999999999994,0.582719808984293
256x256 f10 IPB,32,30,0.4559913804796007,0.00116839888046029,0.0004362873121451658,0.45456797281901046,0.4558603922526041,0.45815236409505206,1.0,8918.975333333332,22.971656708953805,32.89999999999999,27.44690666666667,27.24639,27.875126666666667,27.88112,0.47362000000000004,0.0757833530371427
256x256 f10 IPB,36,30,0.37193352593315965,0.0007176349733793256,0.00026796930301207583,0.3709307861328125,0.3717325846354166,0.37318044026692704,1.0,7266.330666666666,14.109277684616163,36.9,23.953776666666666,23.305186666666668,25.64115333333334,25.643743333333337,0.47524000000000005,0.21359692858616064
256x256 f10 IPB,40,30,0.27856238471137146,0.0009718055066844691,0.0003628781399312954,0.277061767578125,0.2788319905598958,0.2798700968424479,1.0,5430.579333333333,19.10647370582194,40.900000000000006,20.299710000000005,19.275349999999996,23.594963333333332,23.59992666666666,0.46394,0.6166163086887303
256x256 f10 IPB,44,30,0.18550374348958332,0.00022975882817812384,8.57933564160613e-05,0.1851815287272135,0.1854690551757812,0.18586537679036455,1.0,3600.972,4.517242369044366,44.90000000000001,16.470523333333336,15.278306666666667,20.808850000000003,20.81032,0.42832333333333333,0.6378081593939366
256x256 f10 IPB,48,30,0.06735951741536456,0.0023642930779490022,0.0008828415444008541,0.06352040608723955,0.06715494791666665,0.07062901814778644,1.0,1278.162,46.483893346939595,48.90000000000001,11.951080000000001,11.945349999999998,11.956319999999998,11.974743333333333,0.23739333333333335,0.6895319927397645
256x256 f10 IPB,51,30,0.020213487413194405,0.0007700957075293191,0.00028755846308251866,0.018669687906900975,0.02041371663411455,0.02106201171874997,1.0,351.23333333333335,15.14069768659231,51.90000000000001,10.498063333333333,10.497706666666664,10.497593333333333,10.500423333333336,0.11482666666666667,0.0007526691236951572
256x256 f10 all-I,0,30,1.5056144883897566,0.00041999930160508536,0.00015683031665345495,1.5048529052734374,1.5056035359700521,1.5062284342447918,0.0,29151.385333333328,8.257522268997322,0.0,66.62517666666666,66.35951000000001,67.19920333333333,67.22441333333333,0.69002,0.584948498474437
256x256 f10 all-I,4,30,1.455760701497396,0.0003861810304529905,0.0001442023666707133,1.4551074218750002,1.4557454427083334,1.4563124593098957,0.0,28168.62,7.592628003531111,1.0,64.44880333333333,64.30965666666667,64.75214333333335,64.73136,0.69377,0.5256372095341886
256x256 f10 all-I,8,30,1.2696739705403646,0.00029978051506458845,0.00011193988400562135,1.2692229715983072,1.2696314493815104,1.2701985677083334,0.0,24510.005999999998,5.893924750581573,5.0,57.50947000000001,57.97230999999999,56.70459666666668,56.71504,0.6890666666666667,0.7817407069484272
256x256 f10 all-I,10,30,1.187346700032552,0.00026905502831418794,0.0001004667986981421,1.1869847615559896,1.1873382568359376,1.1877942911783854,0.0,22891.186,5.289837100679031,7.0,55.14990666666666,55.60657666666666,54.35644333333334,54.36255666666667,0.68538,0.6694917001480524
256x256 f10 all-I,12,30,1.1096057807074653,0.0002030041471255279,7.58029943240163e-05,1.1092914326985677,1.1096211751302083,1.109889170328776,0.0,21362.73733333333,3.9912239358053796,9.0,53.22833333333333,53.624379999999995,52.53136666666666,52.52966666666666,0.6894333333333335,0.6282867783873219
256x256 f10 all-I,14,30,1.0426073879665796,0.00020083438933327463,7.499279344911022e-05,1.0423148091634116,1.0425740559895833,1.0428962707519531,0.0,20045.495333333332,3.948564761804217,11.0,51.547286666666665,51.89444999999999,50.92504666666667,50.928070000000005,0.6834533333333332,0.8262630590152475
256x256 f10 all-I,16,30,0.9861545477973092,0.00048489617532682143,0.00018106320755756667,0.9852911376953125,0.9862080891927083,0.9867132059733074,1.0,18935.58733333333,9.533446723864948,13.0,49.75732333333334,50.098103333333334,49.14459000000001,49.149456666666666,0.6759466666666667,0.007742541166458213
256x256 f10 all-I,18,30,0.9294171142578126,0.0020009346579624417,0.0007471612805351454,0.926358388264974,0.9297922770182292,0.9324087524414063,1.0,17820.083999999995,39.33997612326816,15.0,47.56397,47.77807666666666,47.16663333333334,47.16597333333333,0.68115,0.6802487947587113
256x256 f10 all-I,20,30,0.8670723470052082,0.003367156588876929,0.0012573169337121157,0.8618895467122396,0.866564432779948,0.8729050191243489,1.0,16594.336,66.20099226259197,17.0,44.78748,45.179849999999995,44.098029999999994,44.09755666666667,0.6738666666666667,0.5469114006871924
256x256 f10 all-I,24,30,0.7552689276801218,0.0013364519815984726,0.0004990393714113929,0.7542150370279948,0.7545613606770833,0.7572069295247396,1.0,14396.191333333334,26.275715119811178,21.0,40.928459999999994,41.08547,40.63174666666666,40.62967,0.67138,9.605939063526864e-06
256x256 f10 all-I,28,30,0.6536247762044272,0.00019180189274173158,7.162000379158142e-05,0.6532941691080729,0.6536341349283854,0.6538992309570313,1.0,12397.786,3.7709786528168463,25.0,36.99717666666666,37.196576666666665,36.62446666666666,36.623376666666665,0.6763600000000001,0.14290500431009084
256x256 f10 all-I,32,30,0.55590579562717,0.0002507577273215209,9.363447422137016e-05,0.5554889424641927,0.5559494018554687,0.5562360636393229,1.0,10476.552666666665,4.930097525322864,29.0,32.96889,33.150839999999995,32.63021,32.62255,0.6711366666666664,0.171242498612319
256x256 f10 all-I,36,30,0.47000206841362846,0.00023235047164734448,8.676109199175733e-05,0.4696648661295572,0.4700078328450521,0.4702961222330729,1.0,8787.616666666667,4.568196152963904,33.0,29.351866666666663,29.152336666666667,29.782343333333337,29.779213333333335,0.6742533333333333,0.1281690712640038
256x256 f10 all-I,40,30,0.3953011745876735,0.00020943527224919465,7.820441591145266e-05,0.39498748779296877,0.39532470703125,0.3956327311197916,1.0,7318.937333333332,4.11766500063698,37.0,25.86694666666667,25.15707666666667,27.77008,27.774510000000003,0.6701466666666666,0.12810988566207415
256x256 f10 all-I,44,30,0.31798122829861114,0.00016303180854083913,6.087707779592094e-05,0.3177408854166667,0.31795857747395834,0.31824986775716146,1.0,5798.765333333334,3.205335781359619,41.0,22.169069999999998,21.080063333333328,25.833606666666658,25.83505666666667,0.6464733333333333,0.6825205097520526
256x256 f10 all-I,48,30,0.23447377522786453,0.0001283469698460198,4.7925546174810605e-05,0.2342554219563802,0.2344797770182291,0.23470377604166662,1.0,4156.942,2.5234041047486055,45.0,18.374893333333336,17.165336666666672,22.83855,22.84136,0.6020566666666666,0.08366125268240676
256x256 f10 all-I,51,30,0.17105885823567704,0.00012680324529373624,4.7349109953523754e-05,0.17083786010742186,0.17106424967447914,0.17123570760091142,1.0,2910.154000000001,2.4930532450708993,48.0,15.495059999999997,14.284600000000003,19.96430666666667,19.96936666666667,0.5428633333333334,0.5469958327786325
256x256 f30 IPB,0,10,1.487731153700087,0.00024371912956634955,0.00017434616245244736,1.4873985629611544,1.487729220920139,1.4880713229709202,0.0,29234.240999999998,4.791778723327598,0.0,57.073570000000004,56.34128,59.066419999999994,59.0573,1.0093400000000001,0.9657573728781752
256x256 f30 IPB,4,10,1.2468704223632812,0.0002137612223571591,0.00015291556664192462,1.2466224670410155,1.2469078911675346,1.2471673583984375,0.0,24498.55,4.203382236035907,5.230000000000001,52.78453,52.61908,53.13623,53.13507,1.02582,0.3986592071360274
256x256 f30 IPB,8,10,1.0848682996961805,0.000836850249522093,0.0005986466052589031,1.0840218268500437,1.084752400716146,1.0863034057617187,0.0,21313.459000000003,16.45458223920175,9.23,49.80538,49.68218,50.06055,50.06507,1.1285399999999999,0.1694176686597486
256x256 f30 IPB,10,10,1.0168047417534722,0.0005408041822427853,0.00038686800654519436,1.015930413140191,1.0169818454318578,1.0173837110731336,0.0,19975.269,10.632194766630498,11.23,48.12187,48.027660000000004,48.314080000000004,48.31929,1.15598,0.4840570226915314
256x256 f30 IPB,12,10,0.9511759779188367,0.0011051620782302105,0.0007905853248788729,0.9497274610731337,0.9512778388129339,0.9527207099066839,1.0,18684.953999999998,21.729193982085835,13.23,46.23688,46.20186,46.3103,46.30536,1.21204,0.8514089623838976
256x256 f30 IPB,14,10,0.8978136528862848,0.0012748128370554726,0.000911946166807688,0.8960844590928819,0.8976416693793403,0.8996838887532551,1.0,17635.808,25.061498048689366,15.229999999999999,44.28178,44.40406,44.047839999999994,44.04641,1.25636,0.4347095774320724
256x256 f30 IPB,16,10,0.8442068142361112,0.0008097757144878982,0.0005792786496462472,0.843203362358941,0.8439705742730035,0.8454952663845486,1.0,16581.854,15.921568320293156,17.229999999999997,42.41905,42.60557000000001,42.065740000000005,42.07115,1.2429700000000001,0.5669009649765905
256x256 f30 IPB,18,10,0.7867178683810765,0.0005154247219251275,0.0003687126343371495,0.7861129421657986,0.7865573459201389,0.7874225701226129,1.0,15451.575999999997,10.133323684206035,19.229999999999997,40.51022999999999,40.64388,40.254509999999996,40.254850000000005,1.2862699999999998,0.6317661246811908
256x256 f30 IPB,20,10,0.7336818101671007,0.0009681890024415704,0.000692600689181426,0.7326145595974393,0.733467780219184,0.7352941555447049,1.0,14408.847,19.035140632232853,21.229999999999997,38.640370000000004,38.74804999999999,38.432339999999996,38.432919999999996,1.3103500000000001,0.3318076113383076
256x256 f30 IPB,24,10,0.6335177273220486,0.0005943088813991618,0.0004251429625885911,0.6326644388834635,0.6334930419921875,0.6342328389485676,1.0,12439.537,11.684333338088006,25.229999999999997,34.713249999999995,34.82074,34.50748,34.50438,1.3230600000000001,0.7094802343901284
256x256 f30 IPB,28,10,0.5411528862847221,0.0007290665316967826,0.0005215427783613739,0.5400883314344618,0.5411517673068575,0.5420234849717882,1.0,10623.573,14.335431668112117,29.23,31.016119999999994,30.953570000000003,31.144479999999998,31.14354,1.2866900000000001,0.8014348446729902
256x256 f30 IPB,32,10,0.44821838378906254,0.0005576908100479453,0.0003989479723641718,0.4474862840440538,0.4483927408854167,0.4489208645290798,1.0,8796.406,10.964635272851815,33.230000000000004,27.18804,26.981659999999998,27.63429,27.63127,1.29295,0.3641581839003313
256x256 f30 IPB,36,10,0.3642183430989583,0.0007506108107058854,0.0005369546271346944,0.3629627143012153,0.3643671671549479,0.36479653252495653,1.0,7144.897,14.756717528712871,37.230000000000004,23.696089999999998,23.036929999999998,25.419220000000003,25.42303,1.3055400000000001,0.003107719144528897
256x256 f30 IPB,40,10,0.2693407864040799,0.0005243421628354034,0.0003750917872759006,0.2686172146267361,0.26942918565538193,0.2699881829155816,1.0,5279.529,10.30749506157745,41.230000000000004,20.04016,19.00969,23.372310000000006,23.36967,1.2745,0.7828924803909308
256x256 f30 IPB,44,10,0.17473517523871523,0.00015513249416974022,0.00011097510104477754,0.17451300726996524,0.1747273763020833,0.1749637858072916,1.0,3419.506,3.048902170363071,45.230000000000004,16.2029,15.00918,20.55027,20.55517,1.1690999999999998,0.9058223263497892
256x256 f30 IPB,48,10,0.049784986707899256,0.0010323952771177718,0.0007385310911776961,0.04835710313585065,0.0497597588433159,0.051309051513671836,1.0,962.8860000000001,20.297139480998574,49.230000000000004,11.618670000000002,11.687720000000002,11.482760000000003,11.48504,0.51441,0.8729524576405381
256x256 f30 IPB,51,10,0.00702067057291661,0.00016258401298499485,0.00011630559648924028,0.00678397284613708,0.00706210666232635,0.00723753187391486,1.0,122.10499999999999,3.196113090753972,52.23,10.47834,10.49805,10.437660000000001,10.44107,0.15592,0.7103250705089366
640x360 f10 IPB,0,10,1.4864997395833333,0.00023344255348455663,0.00016699474278260382,1.4861264322916667,1.4865734953703704,1.4867422164351853,0.0,102701.224,16.13288305156949,0.0,57.33549000000001,56.59783,59.33592000000001,59.352,0.93545,0.14672668591372307
640x360 f10 IPB,4,10,1.2603597800925928,0.000180227944511254,0.00012892730475502328,1.2600823350694443,1.2603334780092594,1.260548582175926,0.0,87069.912,12.455516225532826,4.9,53.09895,52.92269,53.47432,53.47466000000001,0.95594,0.1451495236732876
640x360 f10 IPB,8,10,1.0964815393518519,0.000618296978123367,0.00044230301324134347,1.0958885416666666,1.0962637442129628,1.0975164062500002,0.0,75742.64499999999,42.73650358755034,8.900000000000002,50.10821,49.983850000000004,50.36716,50.3692,1.01571,0.08368555080031659
640x360 f10 IPB,10,10,1.0283767939814816,0.0006305022044935011,0.0004510341062141543,1.0277916666666667,1.0281977719907407,1.0294112268518518,0.0,71035.22699999998,43.58299746205917,10.900000000000002,48.457350000000005,48.36176,48.65569,48.65449000000001,1.02867,0.010287007915107602
640x360 f10 IPB,12,10,0.9635243344907408,0.0008066160504482462,0.0005770183621549349,0.9624527922453703,0.9634800347222222,0.9645820023148147,1.0,66552.623,55.75288374205929,12.9,46.61268999999999,46.56962,46.70049,46.699870000000004,1.05731,0.40210360239617
640x360 f10 IPB,14,10,0.9100653356481481,0.0005570367069575184,0.00039848005520121816,0.9092981626157408,0.9101494502314815,0.9108683159722221,1.0,62857.537,38.502459964701146,14.9,44.652890000000006,44.76981,44.43154,44.42456,1.06034,0.8429837558600544
640x360 f10 IPB,16,10,0.8559981770833334,0.0008171535261957287,0.000584556418202395,0.8549734230324074,0.8558945312499999,0.8573187789351852,1.0,59120.415,56.48310253714989,16.9,42.75278999999999,42.946830000000006,42.38861,42.389300000000006,1.06668,0.06742899983414515
640x360 f10 IPB,18,10,0.799441898148148,0.001604643350223183,0.0011478927022020578,0.7969081018518519,0.7998587962962963,0.8012101707175926,1.0,55211.24399999999,110.91294836742723,18.9,40.84242999999999,40.97961,40.580529999999996,40.58036,1.08121,0.3331304646617212
640x360 f10 IPB,20,10,0.7444755787037038,0.00240853251453327,0.001722960367526265,0.7420320601851852,0.743451099537037,0.7476805555555556,1.0,51411.972,166.47776740453992,20.9,38.95175,39.06375,38.73600999999999,38.736149999999995,1.1357199999999998,0.04255082838714798
640x360 f10 IPB,24,10,0.6431656828703703,0.0005926585564967387,0.00042396239127254735,0.6423868489583333,0.6431498842592592,0.6439796440972222,1.0,44409.432,40.96455942505586,24.9,35.03469,35.145070000000004,34.82246,34.82163,1.15454,0.6248266204747831
640x360 f10 IPB,28,10,0.5498530092592594,0.0006254317799366624,0.0004474069429912165,0.5490864438657408,0.5498765914351852,0.5507711371527778,1.0,37959.659999999996,43.229844629222065,28.899999999999995,31.31915,31.27639,31.4041,31.407959999999996,1.1386600000000002,0.3374462432102158
640x360 f10 IPB,32,10,0.456456886574074,0.0003724624884590078,0.0002664436133341702,0.4559688946759259,0.45642288773148143,0.456949609375,1.0,31504.120000000003,25.744607202285376,32.89999999999999,27.501920000000002,27.309289999999997,27.913930000000004,27.91586,1.13668,0.5902605037855432
640x360 f10 IPB,36,10,0.3719666377314815,0.0005519732913203021,0.00039485790585733557,0.37122883391203704,0.37211067708333334,0.37271807002314816,1.0,25664.154000000002,38.15239389605881,36.89999999999999,24.009,23.37099,25.664200000000005,25.658830000000002,1.14534,0.5594556082560218
640x360 f10 IPB,40,10,0.27888449074074073,0.001412460149410602,0.001010413122289231,0.2771587384259259,0.2787552083333333,0.2807809317129629,1.0,19230.316,97.62924552726115,40.89999999999999,20.35958,19.34774,23.591829999999995,23.58841,1.12657,0.3377719499924429
640x360 f10 IPB,44,10,0.18390601851851845,0.0002231564990411789,0.00015963654270134334,0.1837008680555555,0.1838501157407407,0.18430034722222216,1.0,12665.403999999999,15.42457721372665,44.89999999999999,16.49823,15.31369,20.78444,20.78081,1.0341200000000002,0.03553574406475519
640x360 f10 IPB,48,10,0.06716811342592587,0.002328565483278462,0.001665755399468166,0.06500387731481476,0.06635054976851845,0.07121290509259255,1.0,4596.4800000000005,160.95044620420697,48.89999999999999,12.035359999999999,11.97336,12.15909,12.170350000000001,0.53899,0.06849145479110964
640x360 f10 IPB,51,10,0.01861249999999996,0.0001947824359194848,0.0001393389606967919,0.01829188368055551,0.01864279513888885,0.018821223958333314,1.0,1240.316,13.463361970754395,51.9,10.6014,10.57811,10.65018,10.646709999999999,0.22093,0.3831904239514692
64x64 f10 IPB,0,20,1.5401147460937499,0.0015980847869289324,0.0007479267029632482,1.5377425130208333,1.5402099609375002,1.5427612304687501,0.0,1846.8330000000005,1.9637265861782005,0.0,48.800645,48.717155000000005,51.108445,50.278675,0.09367999999999999,0.5389986711887638
64x64 f10 IPB,4,20,1.3150895182291666,0.001149239959303355,0.0005378608573874124,1.3135847981770832,1.3151123046875002,1.3169311523437501,0.0,1569.8020000000001,1.4121860619919098,4.900000000000001,47.961434999999994,48.00174,48.61039999999999,49.05522,0.095655,0.41178913029791725
64x64 f10 IPB,8,20,1.1445556640624999,0.004972185267540028,0.0023270543365976155,1.1365193684895833,1.1448079427083333,1.1507218424479166,0.0,1360.2500000000002,6.109821256753212,8.900000000000002,47.067165,46.874199999999995,47.670820000000006,47.749855000000004,0.09978999999999999,0.3684121256469808
64x64 f10 IPB,10,20,1.0746972656250002,0.006027493708085032,0.0028209538899892166,1.0670906575520833,1.0741617838541666,1.0851456705729168,0.0,1274.388,7.406584268494875,10.900000000000002,46.21242000000001,46.133065,46.54532,46.61564,0.09806000000000001,0.8043005106886599
64x64 f10 IPB,12,20,1.00460205078125,0.00365417167505877,0.0017102049874591137,1.0001611328125002,1.0038655598958335,1.010205078125,0.05,1188.255,4.490246154312227,12.9,45.143249999999995,45.185950000000005,45.37910000000001,45.301880000000004,0.10425999999999998,0.7532450509700717
64x64 f10 IPB,14,20,0.951484375,0.004762370904177958,0.002228858191870343,0.9471720377604167,0.9504638671875,0.9563875325520834,1.0,1122.984,5.852001367053823,14.899999999999997,42.526415,42.67694,42.203714999999995,42.98092,0.10352000000000001,0.0002697822842170397
64x64 f10 IPB,16,20,0.8987939453125,0.0034193142160456706,0.0016002883131858074,0.89375732421875,0.8979329427083333,0.9050040690104167,1.0,1058.238,4.201653308676933,16.899999999999995,41.26987999999999,41.20298,41.63974499999999,41.568925,0.10116499999999999,0.3012783477863078
64x64 f10 IPB,18,20,0.8422469075520833,0.002931439624965233,0.0013719559760339353,0.8369978841145833,0.8418212890625001,0.8458292643229167,1.0,988.7530000000003,3.6021530111572764,18.899999999999995,39.945775,39.998055,39.901465,39.98322,0.101115,0.7708645047400298
64x64 f10 IPB,20,20,0.7863582356770833,0.0032101774784571327,0.0015024093070827092,0.7828670247395834,0.7858072916666667,0.79101806640625,1.0,920.077,3.9446660855281213,20.899999999999995,38.201685000000005,38.224905,38.2724,38.114239999999995,0.10815,0.10012226964875193
64x64 f10 IPB,24,20,0.68291259765625,0.0034171947345393817,0.0015992963653067235,0.6795434570312501,0.6816731770833333,0.6887776692708333,1.0,792.963,4.199048889801991,24.899999999999995,34.42692,34.444284999999994,34.38645,34.42000999999999,0.10700499999999999,0.08189606558093931
64x64 f10 IPB,28,20,0.5883870442708333,0.0025263210507109443,0.0011823546469746304,0.5834244791666667,0.5885986328125,0.5916389973958333,1.0,676.8099999999998,3.104343307113611,28.899999999999995,31.087290000000003,30.974280000000004,31.333545000000004,31.315315,0.10941000000000001,0.4356762806750779
64x64 f10 IPB,32,20,0.4935408528645834,0.0027423752442258583,0.0012834711221070474,0.4905379231770833,0.49396158854166666,0.49788899739583325,1.0,560.263,3.369830700104749,32.89999999999999,27.309115,27.059724999999997,27.863190000000003,27.848705000000002,0.10825500000000002,0.5007667599348877
64x64 f10 IPB,36,20,0.4086336263020833,0.0026248603588196443,0.001228472462768153,0.40435628255208333,0.4082845052083333,0.4128247070312499,1.0,455.929,3.2254284089175873,36.89999999999999,23.803420000000003,23.10341,25.665499999999998,25.681634999999993,0.10867500000000001,0.7919182619423846
64x64 f10 IPB,40,20,0.32028238932291664,0.0015295949701810596,0.0007158724820321834,0.31860758463541666,0.3199625651041666,0.3222298177083333,1.0,347.363,1.8795662993585067,40.89999999999999,20.252485000000004,19.196000000000005,23.73282,23.72424,0.105675,0.06123944114551391
64x64 f10 IPB,44,20,0.23050944010416666,0.0006608300785760949,0.0003092779969692199,0.22944986979166662,0.23049316406249995,0.23154296874999997,1.0,237.05,0.812028000554296,44.89999999999999,16.47812,15.270945000000001,20.920244999999998,20.931375,0.10181499999999999,0.9262407030708693
64x64 f10 IPB,48,20,0.10247070312499998,0.002285644796298317,0.001069714692626335,0.0992366536458333,0.10224609374999995,0.1065641276041666,1.0,79.71600000000002,2.808600325691371,48.89999999999999,11.660770000000001,11.70748,11.530015,11.612235,0.079145,0.5436755765721007
64x64 f10 IPB,51,20,0.059288736979166645,0.0012823718297029594,0.0006001684906880568,0.05714762369791663,0.059358723958333304,0.06126627604166664,1.0,26.654000000000003,1.5757785043389956,51.9,10.297144999999999,10.3229,10.23212,10.263615,0.06686,0.6902846803343778
128x128 f10 IPB,lossless,20,1.3418747965494793,0.0012412593509388587,0.0005809272583428247,1.340293172200521,1.3415934244791665,1.3442830403645833,0.0,6549.423000000001,6.101037961734539,4.0,inf,inf,inf,inf,0.203295,0.016929135508223215
256x256 f1 all-I,lossless,20,1.332465616861979,0.008998379327315065,0.004211371159614636,1.3248606363932294,1.327606201171875,1.3476348876953126,0.0,25745.14,176.9153362784767,4.0,inf,inf,inf,inf,0.08576500000000001,0.00043404319971838046
256x256 f10 IP,lossless,30,1.3308877563476564,0.0011504418197860803,0.0004295820354912784,1.3294563293457031,1.330682373046875,1.3326952616373697,0.0,26120.418,22.618606530450148,4.0,inf,inf,inf,inf,0.33551000000000003,0.2708145144657805
256x256 f10 IPB,lossless,30,1.3297922431098086,0.0013082343497974628,0.0004885027345321153,1.328196055094401,1.3297597249348958,1.3318827311197916,0.0,26098.679333333337,25.720933904497837,4.0,inf,inf,inf,inf,0.38523333333333326,0.040172447124565795
256x256 f10 all-I,lossless,30,1.3328686523437503,0.0031687496533802056,0.0011832305664222706,1.3284510294596354,1.3323460896809896,1.3379907735188803,0.0,25753.064000000006,62.300153185177265,4.0,inf,inf,inf,inf,0.5450533333333333,0.2589296328824987
256x256 f30 IPB,lossless,10,1.3293072848849827,0.0005145470155872691,0.00036808476104694814,1.328590833875868,1.3293780856662325,1.3299226718478732,0.0,26119.345999999998,10.11554051941913,4.0,inf,inf,inf,inf,1.09939,0.07329998569392837
640x360 f10 IPB,lossless,10,1.325215306712963,0.000941654439649893,0.0006736190064414874,1.3235456741898148,1.3254612268518517,1.3261420138888889,0.0,91552.78600000001,65.08487419430773,4.0,inf,inf,inf,inf,0.93908,0.0715898707023358
64x64 f10 IPB,lossless,20,1.3815804036458332,0.00135075250729426,0.0006321716329215413,1.3795841471354167,1.3814860026041667,1.38326171875,0.0,1651.5659999999996,1.6598046809631928,4.0,inf,inf,inf,inf,0.09629000000000001,0.4450508012279279
