qp,n,ratio_mean,ratio_std,ratio_ci95,ratio_q05,ratio_q50,ratio_q95,p_smaller,kbps_mean,kbps_std,avg_qp_mean,psnr_all_mean,psnr_Y_mean,psnr_U_mean,psnr_V_mean,encode_wall_mean,shapiro_p,fmt
0,15,1.4867927042643232,0.0005589523648940899,0.0003095375022923777,1.4860696411132814,1.4867446899414063,1.4875962829589844,0.0,19442.049333333336,7.3263004371399685,0.0,56.69230666666667,56.69230666666667,,,0.3424866666666667,0.1899025757062462,gray (i400)
4,15,1.2621798706054688,0.000344645636958174,0.00019085839212830343,1.2616409301757812,1.2622467041015626,1.2625932312011718,0.0,16497.484000000004,4.517339292738236,4.9,52.979099999999995,52.979099999999995,,,0.3538733333333333,0.6244976744987866,gray (i400)
8,15,1.0976583862304687,0.0004928999845299762,0.00027295891327030976,1.0969363403320311,1.0975357055664063,1.098415069580078,0.0,14341.068000000001,6.46053867723134,8.900000000000002,49.923973333333336,49.923973333333336,,,0.37795333333333336,0.589790573329577,gray (i400)
10,15,1.0326273600260418,0.000566127709393926,0.0003135110756307559,1.0318783569335936,1.0325546264648438,1.03337646484375,0.0,13488.673333333336,7.420349112567441,10.900000000000002,48.36339333333333,48.36339333333333,,,0.36930666666666667,0.7838592217694687,gray (i400)
12,15,0.9703374226888021,0.0006567027129112114,0.00036366984070580153,0.969380645751953,0.9704360961914062,0.9710997009277343,1.0,12672.226666666667,8.607533798669643,12.900000000000002,46.60908666666668,46.60908666666668,,,0.38324,0.3321981147960975,gray (i400)
14,15,0.9178064982096356,0.00034924234780103134,0.0001934039657449889,0.9172950744628906,0.9179473876953124,0.9182337951660157,1.0,11983.693333333335,4.577589301097649,14.900000000000002,44.83193333333333,44.83193333333333,,,0.3827133333333333,0.13811413607635037,gray (i400)
16,15,0.8649729410807292,0.0006465104775172958,0.0003580255688773669,0.8642391967773438,0.864886474609375,0.8660725402832031,1.0,11291.193333333335,8.473942130915052,16.900000000000002,43.01987999999999,43.01987999999999,,,0.38204,0.478573351227892,gray (i400)
18,15,0.8110216267903646,0.0004142215702543198,0.00022938825972485742,0.8104045104980468,0.8110763549804687,0.8116447448730469,1.0,10584.042666666668,5.4292849656372955,18.9,41.06341333333333,41.06341333333333,,,0.38575333333333334,0.8852293714963821,gray (i400)
20,15,0.7587269083658854,0.0005367065339189834,0.00029721817172159167,0.7577432250976562,0.7588653564453125,0.7593331909179687,1.0,9898.605333333333,7.034719881383046,20.899999999999995,39.175473333333336,39.175473333333336,,,0.3919066666666666,0.5001933045674575,gray (i400)
24,15,0.6578229777018229,0.0003566543441467289,0.00019750859250738245,0.657315673828125,0.65787353515625,0.6583346557617188,1.0,8576.037333333332,4.67473981959986,24.89999999999999,35.26044,35.26044,,,0.3855333333333333,0.45094709496925517,gray (i400)
28,15,0.5587269083658855,0.001827720282407538,0.001012157755541022,0.5566755676269531,0.5598129272460938,0.5607785034179688,1.0,7277.1653333333325,23.956295285572086,28.899999999999988,31.378939999999997,31.378939999999997,,,0.3919333333333333,0.0016199841167946784,gray (i400)
32,15,0.4596775309244791,0.0002768165113727004,0.00015329587439858282,0.45929901123046873,0.4597076416015625,0.4600732421874999,1.0,5978.905333333333,3.628289377864331,32.89999999999999,27.38254,27.38254,,,0.39918666666666663,0.5752116543747587,gray (i400)
36,15,0.36305196126302086,0.00034857160151220435,0.00019303251883116338,0.3627235412597656,0.362994384765625,0.3637940979003906,1.0,4712.4146666666675,4.568797695340966,36.89999999999999,23.46923333333333,23.46923333333333,,,0.39067999999999997,0.007261144077894256,gray (i400)
40,15,0.2618620808919271,0.00040693524534791286,0.00022535322748584494,0.26126876831054685,0.2619049072265625,0.26260665893554686,1.0,3386.0986666666668,5.333781647824247,40.89999999999999,19.644093333333334,19.644093333333334,,,0.37908666666666674,0.3679223913188798,gray (i400)
44,15,0.1518122355143229,0.0009338529688273481,0.0005171505366721374,0.1506489562988281,0.1521987915039062,0.15326828002929688,1.0,1943.6533333333334,12.240197633013858,44.89999999999999,15.567866666666669,15.567866666666669,,,0.35004666666666673,0.07421259119285263,gray (i400)
48,15,0.05515991210937497,0.001348717500697748,0.0007468948566719146,0.05320831298828125,0.0550308227539062,0.0570394897460937,1.0,676.812,17.677910025145593,48.89999999999999,11.9493,11.9493,,,0.20761999999999997,0.995331306974328,gray (i400)
51,15,0.01645273844401039,0.0006219649668047959,0.0003444327181165018,0.0153207397460937,0.016607666015625,0.01723464965820309,1.0,169.46933333333334,8.152219212903818,51.89999999999999,10.502526666666666,10.502526666666666,,,0.11668666666666669,0.07337454152516282,gray (i400)
0,30,1.4891924031575523,0.00038992218849696246,0.00014559933804291438,1.488651580810547,1.4891565958658854,1.489926503499349,0.0,29233.074,7.666182163601097,0.0,57.33501666666666,56.59960333333335,59.33308666666666,59.33705333333334,0.38003,0.41533618995812793,yuv420p
4,30,1.2633185153537325,0.0003484808914381654,0.00013012490340594414,1.2628491719563801,1.2632914225260419,1.2639960225423177,0.0,24791.69266666666,6.851413110388026,4.900000000000001,53.098890000000004,52.924793333333334,53.46875,53.470389999999995,0.3822133333333334,0.38024212761176274,yuv420p
8,30,1.0993428887261283,0.001022796414454856,0.00038191845781162414,1.0976736958821616,1.0994756062825521,1.1010696919759115,0.0,21567.800666666666,20.108995745314143,8.9,50.0964,49.97312999999999,50.35380000000001,50.35427000000001,0.40893999999999997,0.5500613163348089,yuv420p
10,30,1.0310389539930556,0.0014599061557920912,0.0005451379176636935,1.0288417561848957,1.0307276407877604,1.0330718994140624,0.0,20224.870666666662,28.702922947796313,10.899999999999997,48.43173333333333,48.336593333333326,48.62843333333333,48.62866666666666,0.40988333333333327,0.03296499819937545,yuv420p
12,30,0.9645682101779515,0.001561383389478722,0.0005830301394635172,0.9624389139811198,0.9648422241210939,0.9666588338216145,1.0,18918.00266666667,30.698046543863462,12.899999999999997,46.54480000000001,46.51063666666667,46.60870666666667,46.61931333333333,0.4338066666666666,0.4229586260562227,yuv420p
14,30,0.9104544745551215,0.001228673211115549,0.00045879411710082654,0.9088589477539063,0.9101526896158854,0.9124639383951823,1.0,17854.083333333336,24.156698269100474,14.899999999999997,44.59378,44.703466666666664,44.38099666666666,44.383869999999995,0.4329566666666667,0.5423933116337808,yuv420p
16,30,0.8565463935004339,0.0018142754254057663,0.0006774615776159254,0.8534476725260417,0.8566823323567708,0.8595379638671875,1.0,16794.207333333332,35.67010628381762,16.899999999999995,42.70811666666667,42.896413333333335,42.35675333333334,42.35204333333333,0.4328500000000001,0.7723389248150758,yuv420p
18,30,0.7991670735677082,0.002482356424258068,0.0009269271224388562,0.7952749633789062,0.7995936075846355,0.8019379170735677,1.0,15666.083999999999,48.80511318605297,18.899999999999995,40.80091,40.93458666666666,40.54450333333333,40.546150000000004,0.4456533333333334,0.09769984522137404,yuv420p
20,30,0.7436145358615451,0.002137260403095732,0.0007980661503660365,0.7411925252278646,0.7429885864257812,0.7474526468912761,1.0,14573.876666666669,42.02024933318449,20.899999999999995,38.90797,39.018903333333334,38.69617999999999,38.69248,0.4725333333333333,0.004498725180331305,yuv420p
24,30,0.6424680582682292,0.001306946742667213,0.00048802193412794654,0.64068115234375,0.6425155639648438,0.6443466186523438,1.0,12585.256000000001,25.695618518231434,24.89999999999999,34.98385333333333,35.09320666666667,34.774293333333326,34.77185333333333,0.47217999999999993,0.9968208204828156,yuv420p
28,30,0.5490629069010416,0.0010799931195020855,0.0004032760584786027,0.5471318054199219,0.549029541015625,0.5504232279459635,1.0,10748.836000000001,21.233528723906637,28.89999999999999,31.27096333333333,31.219146666666663,31.37990333333333,31.373126666666664,0.47084999999999994,0.582719808984293,yuv420p
32,30,0.4559913804796007,0.00116839888046029,0.0004362873121451658,0.45456797281901046,0.4558603922526041,0.45815236409505206,1.0,8918.975333333332,22.971656708953805,32.89999999999999,27.44690666666667,27.24639,27.875126666666667,27.88112,0.47362000000000004,0.0757833530371427,yuv420p
36,30,0.37193352593315965,0.0007176349733793256,0.00026796930301207583,0.3709307861328125,0.3717325846354166,0.37318044026692704,1.0,7266.330666666666,14.109277684616163,36.9,23.953776666666666,23.305186666666668,25.64115333333334,25.643743333333337,0.47524000000000005,0.21359692858616064,yuv420p
40,30,0.27856238471137146,0.0009718055066844691,0.0003628781399312954,0.277061767578125,0.2788319905598958,0.2798700968424479,1.0,5430.579333333333,19.10647370582194,40.900000000000006,20.299710000000005,19.275349999999996,23.594963333333332,23.59992666666666,0.46394,0.6166163086887303,yuv420p
44,30,0.18550374348958332,0.00022975882817812384,8.57933564160613e-05,0.1851815287272135,0.1854690551757812,0.18586537679036455,1.0,3600.972,4.517242369044366,44.90000000000001,16.470523333333336,15.278306666666667,20.808850000000003,20.81032,0.42832333333333333,0.6378081593939366,yuv420p
48,30,0.06735951741536456,0.0023642930779490022,0.0008828415444008541,0.06352040608723955,0.06715494791666665,0.07062901814778644,1.0,1278.162,46.483893346939595,48.90000000000001,11.951080000000001,11.945349999999998,11.956319999999998,11.974743333333333,0.23739333333333335,0.6895319927397645,yuv420p
51,30,0.020213487413194405,0.0007700957075293191,0.00028755846308251866,0.018669687906900975,0.02041371663411455,0.02106201171874997,1.0,351.23333333333335,15.14069768659231,51.90000000000001,10.498063333333333,10.497706666666664,10.497593333333333,10.500423333333336,0.11482666666666667,0.0007526691236951572,yuv420p
